Metric,Mean,Standard Deviation,Min,Max
NRMS,0.05279999999999999,0.0003674234614174764,0.0524,0.0533
SSIM,0.7359,0.02532146651887814,0.7027,0.764
EMD,0.004058333333333333,0.0012977277149780774,0.002,0.0053
