Metric,Mean,Standard Deviation,Min,Max
NRMS,0.05806666666666666,0.01766353745871861,0.0494,0.1071
SSIM,0.7183583333333333,0.134370423694684,0.3731,0.7818
EMD,0.0031999999999999997,0.0008631338250816034,0.0026,0.0048
