Metric,Mean,Standard Deviation,Min,Max
NRMS,0.05316666666666666,0.0077381450547846994,0.0494,0.0732
SSIM,0.755325,0.05647421424862857,0.6172,0.7821
EMD,0.0029916666666666663,0.0006873358389867033,0.0026,0.0045
