Metric,Mean,Standard Deviation,Min,Max
NRMS,0.05678333333333333,0.014128920301597318,0.0494,0.0909
SSIM,0.7154916666666667,0.13848344340469812,0.3936,0.7818
EMD,0.003058333333333333,0.0006689025007843487,0.0026,0.0047
